{"weight": [[[0.3837966688298648, 0.16968420873129048, -0.033163688063783336], [0.34353904551883946, 0.11841169823228931, 0.23772125850953213]], [[-0.2624169590798714, -0.12157011560856423, 0.06641458291240093], [-0.17290467003404353, -0.03848242374375821, -0.2638920818088885]], [[-0.11817419696254261, 0.09953521874397847, -0.014820718700105373], [-0.04833619012290813, -0.07570427752043507, -0.24050838131187602]]], "bias": [0.13475310622254616, 0.23259856571714904, -0.23648478295118383]}