{"weight": [[[0.6647553301890122], [0.2939016707647176]], [[-0.057441192692838317], [0.5950270812223469]], [[0.20509507754883882], [0.41174529777772484]]], "bias": [-0.4545195058940603, -0.2105656169160554, 0.11503343196777416]}