{"weight": [[[-0.7035644054412842], [-0.4017820954322815]], [[-0.6636669635772705], [0.4974631667137146]], [[-0.1566828489303589], [0.12622737884521484]]], "bias": [-0.10104799270629883, -0.5335887670516968, 0.26108866930007935]}