{"weight": [[[0.12497343090184004, -0.2759588439441051, 0.01679524227047202, -0.19373297241037812], [0.04118407355851689, 0.06189232246477011, 0.12865502815211144, 0.17350714708593046]], [[-0.1925765461802786, 0.21912692303131615, 0.0923412961592946, -0.21503955440823433], [-0.2455596321246808, -0.013076877688997735, 0.2952211911964226, 0.050939767595796825]], [[-0.013555644865916594, 0.2093450495862113, -0.09335916383729492, -0.1610904430957035], [-0.3242512485601572, 0.17584916092944053, -0.11189550970379938, 0.027029162759782344]]], "bias": [-0.023783240400899963, 0.25702374127168504, -0.3245200280030135]}