{"weight": [[[0.9945207670504251]], [[0.759328198477962]], [[0.5259943374876265]], [[-0.4882005364665478]], [[-0.6207838449961955]], [[0.9755293395903767]]], "bias": [0.559203753527524, -0.27624130697291793, 0.13168771920235844, 0.48239938198908616, -0.9910741093659352, 0.16720926619539833]}